die nukleophile Substitution;亲核取代反应;Die nukleophile Substitution beschreibt den Austausch einer Abgangsgruppe durch ein Nukleophil am Kohlenstoffatom.;Chemie;Reaktionsmechanismen
das Carbeniumion;碳正离子;Im geschwindigkeitsbestimmenden ersten Schritt einer SN1-Reaktion entsteht ein planares Carbeniumion.;Chemie;Reaktionsmechanismen
die Walden-Umkehr;瓦尔登反转/伞形翻转;Bei der konzertierten SN2-Reaktion erfolgt der Rueckseitenangriff mit Inversion der Konfiguration (Walden-Umkehr).;Chemie;Reaktionsmechanismen
die sterische Hinderung;位阻效应;Tertiaere Halogenalkane reagieren aufgrund starker sterischer Hinderung bevorzugt ueber SN1 statt SN2.;Chemie;Reaktionsmechanismen
das galvanische Element;原电池/伽伐尼电池;Ein galvanisches Element wandelt chemische Energie freiwillig ablaufender Redoxreaktionen in elektrische Energie um.;Chemie;Elektrochemie
die Nernst-Gleichung;能斯特方程;Die Nernst-Gleichung berechnet das reale Elektrodenpotenzial in Abhaengigkeit von Temperatur und Konzentration.;Chemie;Elektrochemie
das Daniell-Element;丹尼尔原电池;Das Daniell-Element besteht aus einer Zink-Anode und einer Kupfer-Kathode getrennt durch eine Salzbruecke.;Chemie;Elektrochemie
die Konzentrationskette;浓差电池;In einer Konzentrationskette entsteht eine messbare Zellspannung allein durch Konzentrationsunterschiede derselben Halbzellen.;Chemie;Elektrochemie
das Zentralteilchen;配合物中心离子;Das Zentralteilchen ist ein Uebergangsmetallkation welches als Lewis-Saeure freie Elektronenpaare anlagert.;Chemie;Komplexchemie
der Ligand;配体;Ein Ligand ist ein neutrales Molekuel oder Anion mit freien Elektronenpaaren fuer koordinative Bindungen.;Chemie;Komplexchemie
die Ligandenfeldaufspaltung;配体场能级分裂;Die elektrostatische Abstossung der Liganden fuehrt zur Ligandenfeldaufspaltung der d-Orbitale im Zentralion.;Chemie;Komplexchemie
der Chelateffekt;螯合效应;Der Chelateffekt fuehrt durch Entropiezunahme zu einer drastisch erhoehten thermodynamischen Komplexstabilitaet.;Chemie;Komplexchemie
das dynamische Gleichgewicht;动态化学平衡;Im dynamischen Gleichgewicht sind die Geschwindigkeiten von Hin- und Rueckreaktion identisch.;Chemie;Gleichgewicht
das Massenwirkungsgesetz;质量作用定律;Das Massenwirkungsgesetz beschreibt das Verhaeltnis der Konzentrationen von Produkten und Edukten im Gleichgewicht.;Chemie;Gleichgewicht
die Gleichgewichtskonstante;平衡常数;Die temperaturabhaengige Gleichgewichtskonstante Kc gibt die Gleichgewichtslage einer chemischen Reaktion an.;Chemie;Gleichgewicht
der Reaktionsquotient;反应商;Der Vergleich des Reaktionsquotienten Q mit Kc zeigt die spontane Richtung der Gleichgewichtseinstellung.;Chemie;Gleichgewicht
die Pufferloesung;缓冲溶液;Eine Pufferloesung haelt den pH-Wert bei Zugabe geringer Mengen von Saeuren oder Basen stabil.;Chemie;Saeure-Base
die Henderson-Hasselbalch-Gleichung;亨德森-哈塞尔巴尔赫方程;Die Henderson-Hasselbalch-Gleichung berechnet den pH-Wert aus dem pKs-Wert und dem Konzentrationsverhaeltnis.;Chemie;Saeure-Base
die Pufferkapazitaet;缓冲容量;Die Pufferkapazitaet ist bei einem Konzentrationsverhaeltnis von 1 zu 1 maximal wenn pH gleich pKs ist.;Chemie;Saeure-Base
der Blutpuffer;血液碳酸缓冲体系;Der Kohlensaeure-Hydrogencarbonat-Puffer stabilisiert den pH-Wert des Blutes im lebenswichtigen Bereich 7 4.;Chemie;Saeure-Base
die radikalische Polymerisation;自由基加聚反应;Bei der radikalischen Polymerisation verbinden sich Monomere ueber ungesaettigte C=C-Doppelbindungen ohne Abspaltung von Nebenprodukten zu Makromolekuelen.;Chemie;Makromolekuele
die Polykondensation;缩聚反应;Die Polykondensation verknuepft bifunktionelle Monomere unter kontinuierlicher Abspaltung niedermolekularer Spaltprodukte wie Wasser.;Chemie;Makromolekuele
die Thermoplaste;热塑性塑料;Thermoplaste bestehen aus linearen Makromolekuelketten und lassen sich bei Erwaermung wiederholt reversibel aufschmelzen und verformen.;Chemie;Makromolekuele
die Duroplaste;热固性塑料;Duroplaste besitzen ein engmaschig kovalent vernetztes Raumgitter und zersetzen sich bei extremer Hitze ohne vorher zu schmelzen.;Chemie;Makromolekuele
