die Gretchenfrage;格蕾琴之问/核心试金石提问;Die Gretchenfrage bezeichnet eine direkte gewissenspruefende Frage die vom Befragten ein eindeutiges moralisches Bekenntnis fordert.;Deutsch;Drama
der Pantheismus;泛神论;Goethes pantheistisches Weltbild betrachtet Gott und Natur als eine unteilbare lebendige Einheit.;Deutsch;Drama
die Gelehrten-Tragoedie;学者悲剧;Die Gelehrten-Tragoedie in Faust I thematisiert das Scheitern des Universalgelehrten an den Grenzen menschlicher Erkenntnis.;Deutsch;Drama
die intellektuelle Hybris;智识狂妄/知识分子的傲慢;Fausts intellektuelle Hybris treibt ihn dazu die moralischen Grenzen der Gesellschaft im Pakt mit Mephisto zu ueberschreiten.;Deutsch;Drama
der Reihungsstil;并置风格;Der expressionistische Reihungsstil montiert zusammenhanglose Einzelbilder parataktisch aneinander.;Deutsch;Lyrik
die Verdinglichung;物化修辞/非人化;In der Grossstadtlyrik des Expressionismus werden Menschen oft zu gefuehllosen Maschinen verdinglicht.;Deutsch;Lyrik
die expressionistische Farbsymbolik;表现主义色彩象征;Expressionistische Dichter nutzen subjektive Farbsymbole um innere Seelenzustaende direkt hervorzurufen.;Deutsch;Lyrik
das Grossstadtmotiv;大都市母题;Das Grossstadtmotiv im fruehen Expressionismus spiegelt Reizueberflutung Anonymitaet und Endzeitstimmung wider.;Deutsch;Lyrik
das Kafkaeske;卡夫卡式的荒诞与异化;Das Kafkaeske bezeichnet eine unheimliche absurde Situation existenzieller Ohnmacht gegenueber Behoerden.;Deutsch;Epik
die existentielle Entfremdung;存在主义异化;Gregor Samsas Verwandlung in ein Ungeziefer versinnbildlicht die totale Entfremdung des arbeitenden Menschen.;Deutsch;Epik
der Apfelwurf;苹果投掷/父权压迫;Der toedliche Apfelwurf des Vaters symbolisiert die brutale Verstaerkung autoritaerer familiaerer Gewalt.;Deutsch;Epik
die personale Erzaehlhaltung;限制人物内心视角;Die personale Erzaehlhaltung bindet den Leser eng an Gregors begrenzte Wahrnehmung in seinem Zimmer.;Deutsch;Epik
das epische Theater;史诗剧场;Das epische Theater nach Brecht setzt auf Distanz und Erzaehlung statt auf buergerliche Schicksalskatharsis.;Deutsch;Drama
der Verfremdungseffekt;间离效果/V效果;Der Verfremdungseffekt macht alltaegliche Vorgaenge auffaellig um kritisches Nachdenken beim Zuschauer anzuregen.;Deutsch;Drama
der Gestus;社会姿态;Der Gestus veranschaulicht ueber Koerperhaltung und Sprache die gesellschaftlichen Klassenbeziehungen einer Figur.;Deutsch;Drama
die Historisierung;历史化手法;Historisierung zeigt buehnische Zustaende als historisch geworden und folglich als prinzipiell veraenderbar.;Deutsch;Drama
die Truemmerliteratur;废墟文学;Die Truemmerliteratur der Nachkriegszeit thematisiert mit kahlschlagartiger Sprache die physische und moralische Zerstoerung nach 1945.;Deutsch;Truemmerliteratur
das Stationsdrama;车站式戏剧;Im Stationsdrama durchlaeuft der isolierte Protagonist in einer offenen Szenenfolge exemplarische Stationen eines existenziellen Leidensweges.;Deutsch;Dramenanalyse
das Heimkehrer-Trauma;归乡者创伤;Das Heimkehrer-Trauma schildert die Entwurzelung und seelische Isolation zurueckkehrender Soldaten in einer verdraengenden Nachkriegsgesellschaft.;Deutsch;Truemmerliteratur
die Gasmaskenbrille;防毒面具眼镜;Die Gasmaskenbrille ist Beckmanns leitmotivisches Requisit das seinen unbestechlichen und entlarvenden Blick auf die Nachkriegswelt veranschaulicht.;Deutsch;Dramenanalyse
