das Sinus-Milieu;西诺斯社会阶层/生活形态族群;Das Sinus-Milieu-Modell verknuepft die soziale Lage mit grundlegenden Werteorientierungen und Lebensweisen.;SoWi;Soziale Ungleichheit
die soziale Lage;社会处境/社会地位;Die soziale Lage wird durch objektive Faktoren wie Einkommen, Vermoegen und Bildungsabschluss bestimmt.;SoWi;Soziale Ungleichheit
die Grundorientierung;基本价值取向;Die Grundorientierung im Milieumodell reicht von traditioneller Pflichtauffassung bis zu postmaterieller Selbstverwirklichung.;SoWi;Soziale Ungleichheit
das Dahrendorf-Haus;达伦多夫社会结构房型模型;Das Dahrendorf-Haeuser-Modell veranschaulicht soziale Schichten und deren Durchlaessigkeit in einer bildhaften Architektur.;SoWi;Soziale Ungleichheit
der Supranationalismus;超国家主义;Im Supranationalismus uebertragen Mitgliedstaaten Hoheitsrechte auf unabhaengige EU-Organe mit bindender Wirkung.;SoWi;Europaeische Union
der Intergouvernementalismus;政府间主义;Der Intergouvernementalismus beschreibt die Zusammenarbeit souveraener Staaten unter Wahrung des Vetorechts.;SoWi;Europaeische Union
das institutionelle Dreieck;欧盟机构铁三角;Das institutionelle Dreieck aus Kommission Rat und Europaeischem Parlament balanciert die Machtverhaeltnisse.;SoWi;Europaeische Union
der Staatenverbund;国家联合体/特殊实体;Die Europaeische Union ist ein staatsrechtlicher Staatenverbund sui generis zwischen Bund und Bundesstaat.;SoWi;Europaeische Union
die Nachfrageorientierung;需求导向经济政策;Die Nachfrageorientierung nach Keynes bekaempft Rezessionen durch staatliche Konsum- und Investitionsimpulse.;SoWi;Wirtschaftspolitik
die Angebotsorientierung;供给导向经济政策;Die Angebotsorientierung nach Friedman setzt auf Deregulierung Steuersenkungen und flexible Maerkte.;SoWi;Wirtschaftspolitik
das Deficit Spending;赤字财政支出;Unter Deficit Spending versteht man die schuldenfinanzierte Erhoehung staatlicher Nachfrage in Krisen.;SoWi;Wirtschaftspolitik
das Saysche Theorem;萨伊定律;Das Saysche Theorem besagt dass jedes volkswirtschaftliche Angebot sich selbst seine Nachfrage schafft.;SoWi;Wirtschaftspolitik
die Sinus-Milieus;西诺斯社会环境模型;Die Sinus-Milieus erfassen die Bevoelkerung ganzheitlich nach sozialer Lage und grundlegenden alltagsweltlichen Wertorientierungen.;SoWi;Sozialstruktur
die vertikale Ungleichheit;纵向社会不平等;Vertikale Ungleichheit beschreibt hierarchische Besser- oder Schlechterstellungen bezueglich Einkommen Bildung Vermoegen und Macht.;SoWi;Sozialstruktur
das kulturelle Kapital;文化资本(布迪厄);Kulturelles Kapital nach Bourdieu umfasst verinnerlichte Bildung sprachlichen Habitus Gueter wie Buecher sowie formale Abschlusstitel.;SoWi;Sozialstruktur
der soziale Habitus;社会惯习(布迪厄);Der soziale Habitus bezeichnet ein verinnerlichtes System dauerhafter Dispositionen das Denken und Handeln praegt.;SoWi;Sozialstruktur
