Deutsch;Chinesisch;Beispielsatz;Fach;Thema
soziale Ungleichheit;社会不平等;Soziale Ungleichheit zeigt sich in Einkommen und Bildung.;SoWi;Ungleichheit
soziale Mobilität;社会流动;Soziale Mobilität beschreibt den Wechsel zwischen Schichten.;SoWi;Ungleichheit
Sozialstaat;福利国家;Der Sozialstaat soll Ungleichheit abfedern.;SoWi;Ungleichheit
Partizipation;政治参与;Partizipation umfasst Wahlen und Protest.;SoWi;Politik
Legitimität;合法性;Wahlen geben Politik Legitimität.;SoWi;Politik
Wirtschaftskreislauf;经济循环;Der Wirtschaftskreislauf verbindet Haushalte und Unternehmen.;SoWi;Wirtschaft
Marktversagen;市场失灵;Bei Marktversagen greift der Staat ein.;SoWi;Wirtschaft
Globalisierung;全球化;Globalisierung verstärkt Konkurrenz.;SoWi;Wirtschaft
Chancengleichheit;机会平等;Chancengleichheit bedeutet gleiche Startbedingungen.;SoWi;Ungleichheit
Bildungstrichter;教育漏斗;Der Bildungstrichter belegt die Vererbung von Bildungschancen.;SoWi;Ungleichheit
Armutsgefährdungsquote;贫困风险率;Die Armutsgefährdungsquote liegt bei ca. 16-17 Prozent.;SoWi;Ungleichheit
Gini-Koeffizient;基尼系数;Der Gini-Koeffizient misst die Einkommensverteilung.;SoWi;Ungleichheit
Meritokratie;功绩制;Die Meritokratie verspricht: Leistung zählt, nicht Herkunft.;SoWi;Ungleichheit
kulturelles Kapital;文化资本;Kulturelles Kapital vererbt sich laut Bourdieu.;SoWi;Ungleichheit
Umverteilung;再分配;Umverteilung durch Steuern mildert Ungleichheit ab.;SoWi;Ungleichheit
Ich-Identität;自我同一性;Die Ich-Identität verbindet Erwartungen und Überzeugungen.;SoWi;Identitaet
Rollenpluralismus;角色多元;Rollenpluralismus verlangt individuelle Integration.;SoWi;Identitaet
außengeleitet;他导型;Der Außengeleitete folgt dem Zeitgeist.;SoWi;Identitaet
Wertewandel;价值观变迁;Der Wertewandel zeigt sich am Abiball.;SoWi;Identitaet
Integration;融合;Integration ist zweiseitig, Assimilation einseitig.;SoWi;Identitaet
Vergleichsdruck;比较压力;Soziale Medien verstärken den Vergleichsdruck.;SoWi;Identitaet
Sozialisation;社会化;Sozialisation verläuft in primärer und sekundärer Phase.;SoWi;Rolle
Homo sociologicus;社会人;Der Homo sociologicus handelt nach Rollenerwartungen.;SoWi;Rolle
Sanktion;制裁;Sanktionen sichern die Einhaltung von Normen.;SoWi;Rolle
Rollenkonflikt;角色冲突;Nebenjob und Schule erzeugen einen Inter-Rollenkonflikt.;SoWi;Rolle
Rollendistanz;角色距离;Mit Rollendistanz wahrt man Freiheit in der Rolle.;SoWi;Rolle
Peer-Group;同龄群体;Peer-Groups üben Konformitätsdruck aus.;SoWi;Rolle
Menschenwürde;人的尊严;Die Menschenwürde ist unantastbar.;SoWi;Grundgesetz
Ewigkeitsklausel;永恒条款;Art. 79 III schützt Art. 1 und 20 ewig.;SoWi;Grundgesetz
Verfassungsprinzipien;宪法原则;Art. 20 nennt vier Verfassungsprinzipien.;SoWi;Grundgesetz
Grundrechtskollision;基本权利冲突;Bei Kollision gilt praktische Konkordanz.;SoWi;Grundgesetz
Drittwirkung;第三方效力;Grundrechte wirken mittelbar zwischen Bürgern.;SoWi;Grundgesetz
praktische Konkordanz;实践调和;Beide Grundrechte möglichst verwirklichen.;SoWi;Grundgesetz
Zustimmungsgesetz;需批准法;Zustimmungsgesetze brauchen das Ja des Bundesrats.;SoWi;Organe
Einspruchsgesetz;可反对法;Beim Einspruchsgesetz kann der Bundestag überstimmen.;SoWi;Organe
Vermittlungsausschuss;调解委员会;Der Vermittlungsausschuss sucht Kompromisse.;SoWi;Organe
freies Mandat;自由委任;Art. 38 garantiert das freie Mandat.;SoWi;Organe
Fraktionsdisziplin;党团纪律;Fraktionsdisziplin sichert die Regierungsmehrheit.;SoWi;Organe
Politikzyklus;政策周期;Der Politikzyklus gliedert Prozesse in Phasen.;SoWi;Organe
Willensbildung;意志形成;Parteien wirken an der Willensbildung mit.;SoWi;Parteien
Volkspartei;人民党;Volksparteien binden Schichten und Regionen.;SoWi;Parteien
Sperrklausel;门槛条款;Die Sperrklausel liegt bei fünf Prozent.;SoWi;Parteien
Parteienverdrossenheit;厌党情绪;Verdrossenheit trifft Parteien, nicht die Demokratie.;SoWi;Parteien
Transmissionsriemen;传动带;Medien sind Transmissionsriemen der Politik.;SoWi;Parteien
vierte Gewalt;第四权;Medien kontrollieren als vierte Gewalt.;SoWi;Parteien
E-Partizipation;电子参与;E-Partizipation senkt die Beteiligungskosten.;SoWi;Partizipation
Volksbegehren;公民动议;Das Begehren braucht Unterschriften.;SoWi;Partizipation
Zustimmungsquorum;同意门槛;Das Quorum liegt bei 10 bis 20 Prozent.;SoWi;Partizipation
Bürgerrat;公民委员会;Bürgerräte beraten per Los besetzt.;SoWi;Partizipation
Clicktivism;点击行动主义;Clicktivism ersetzt keine Organisation.;SoWi;Partizipation
konventionell;常规的;Wählen ist konventionelle Partizipation.;SoWi;Partizipation
fdGO;自由民主基本秩序;Extremismus bekämpft die fdGO.;SoWi;Demokratie
Populismus;民粹主义;Populismus spaltet Volk gegen Elite.;SoWi;Demokratie
Parteiverbot;政党禁令;Nur das BVerfG verhängt ein Parteiverbot.;SoWi;Demokratie
Verfassungsschutz;宪法保卫局;Der Verfassungsschutz beobachtet, verhaftet nicht.;SoWi;Demokratie
Potentialität;实现可能性;Ohne Potentialität kein Verbot.;SoWi;Demokratie
Radikalismus;激进主义;Radikalismus bleibt legal, Extremismus nicht.;SoWi;Demokratie
Knappheit;稀缺;Knappheit zwingt zum Wählen.;SoWi;Konsum
homo oeconomicus;经济人;Der homo oeconomicus ist ein Modell.;SoWi;Konsum
Konsumentensouveränität;消费者主权;Souveränität heißt: Der Kunde entscheidet.;SoWi;Konsum
Fremdbestimmung;被操控;Werbung erzeugt Fremdbestimmung.;SoWi;Konsum
Nachhaltigkeit;可持续性;Nachhaltigkeit ruht auf drei Säulen.;SoWi;Konsum
Verbraucherpolitik;消费者政策;Verbraucherpolitik informiert und schützt.;SoWi;Konsum
unsichtbare Hand;看不见的手;Die unsichtbare Hand lenkt Eigennutz zum Gemeinwohl.;SoWi;Marktwirtschaft
Preismechanismus;价格机制;Der Preismechanismus gleicht Angebot und Nachfrage aus.;SoWi;Marktwirtschaft
Ordoliberalismus;秩序自由主义;Ordoliberalismus will Regeln statt Eingriffe.;SoWi;Marktwirtschaft
Tarifautonomie;劳资自治;Löhne handeln Gewerkschaften und Arbeitgeber aus.;SoWi;Marktwirtschaft
Externalität;外部性;CO2 ist eine negative Externalität.;SoWi;Marktwirtschaft
Nachtwächterstaat;守夜国家;Der Nachtwächterstaat schützt nur Eigentum.;SoWi;Marktwirtschaft
Betriebsrat;企业委员会;Der Betriebsrat hat Mitbestimmungsrechte.;SoWi;Betrieb
Aufsichtsrat;监事会;Der Aufsichtsrat kontrolliert den Vorstand.;SoWi;Betrieb
Shareholder;股东;Shareholder sind Anteilseigner.;SoWi;Betrieb
Stakeholder;利益相关人;Stakeholder sind alle Betroffenen.;SoWi;Betrieb
Arbeit 4.0;工作4.0;Arbeit 4.0 digitalisiert die Produktion.;SoWi;Betrieb
Kurzarbeit;短工制;Kurzarbeit sichert Jobs in der Krise.;SoWi;Betrieb
Mindestlohnkommission;最低工资委员会;Die Kommission schlägt die Höhe vor.;SoWi;Krise
Aufstocker;补差救济工;Aufstocker arbeiten Vollzeit und brauchen Hilfe.;SoWi;Krise
Wettbewerbspolitik;竞争政策;Das Kartellamt sichert Wettbewerb.;SoWi;Krise
Energiewende;能源转型;Die Wende braucht Windkraft und Netze.;SoWi;Krise
Versorgungssicherheit;供应安全;Sicherheit, Preis und Klima im Dreiklang.;SoWi;Krise
Preisbremse;价格刹车;Preisbremsen dämpfen Krisen, verzerren Signale.;SoWi;Krise
Gemeinsamer Ausschuss;联合委员会（紧急议会）;Der Gemeinsame Ausschuss aus zwei Dritteln Bundestag und einem Drittel Bundesrat tagt nur im Notfall.;SoWi;Organe
Bundesversammlung;联邦大会;Die Bundesversammlung aus Bundestagshälfte und Länderdelegierten wählt den Bundespräsidenten.;SoWi;Organe
Karikatur;漫画讽刺画;Die Karikatur spitzt ein Problem bildlich zu.;SoWi;Karikatur
Ueberzeichnung;夸张手法;Die Ueberzeichnung macht die Kritik sichtbar.;SoWi;Karikatur
Symbol;象征符号;Das Symbol steht fuer ein reales Phaenomen.;SoWi;Karikatur
Deutung;解读阐释;Ohne Deutung bleibt die Beschreibung leer.;SoWi;Karikatur
Erwartungshorizont;参考答案要点;Der Erwartungshorizont trennt AFB II und III.;SoWi;Karikatur
Zielkonflikt;目标冲突;Wachstum oder Umwelt ist ein Zielkonflikt.;SoWi;Karikatur
Politikverdrossenheit;厌党情绪;Verdrossenheit trifft Parteien, nicht die Demokratie.;SoWi;Karikatur
Beurteilungsmassstab;评价标准;Ohne Massstab ist kein Urteil moeglich.;SoWi;Karikatur
Fokussierung;聚焦小点;Die Fokussierung grenzt die Schwerpunkte ein.;SoWi;Abitur
magisches Viereck;四角目标;Das magische Viereck nennt vier Ziele des StabG.;SoWi;Abitur
Staatsverschuldung;国家债务;Die Debatte um Staatsverschuldung spaltet die Konzeptionen.;SoWi;Abitur
Freihandel;自由贸易;Freihandel versus Protektionismus praegt den Standort.;SoWi;Abitur
Protektionismus;贸易保护主义;Protektionismus schuetzt, verteuert aber Importe.;SoWi;Abitur
Milieumodell;生活方式群体模型;Das Milieumodell ergaenzt Schicht und Lage um Werte.;SoWi;Abitur
Handlungsempfehlung;行动建议;Die Handlungsempfehlung braucht zwei Massnahmen mit Begruendung.;SoWi;Abitur
Redebeitrag;发言稿;Der Redebeitrag antwortet auf zwei Aspekte des Vorredners.;SoWi;Abitur
die Demokratietheorie;民主理论;Die Demokratietheorie erklaert, was Demokratie ausmacht.;SoWi;Demokratie
die liberale Demokratietheorie;自由式民主理论;Die liberale Demokratietheorie betont die Freiheit.;SoWi;Demokratie
die republikanische Demokratietheorie;共和式民主理论;Die republikanische Demokratietheorie betont die Selbstregierung.;SoWi;Demokratie
die prozedurale Demokratietheorie;程序式民主理论;Die prozedurale Demokratietheorie misst Verfahren.;SoWi;Demokratie
die Polyarchie;多头政治;Die Polyarchie ist Dahls Messkonzept der Demokratie.;SoWi;Demokratie
der Binnenmarkt;内部市场;Der Binnenmarkt verbindet die vier Freiheiten.;SoWi;EU
die vier Grundfreiheiten;四大自由;Die vier Grundfreiheiten tragen den Binnenmarkt.;SoWi;EU
die Zollunion;关税同盟;Die Zollunion beseitigt Binnenzoll.;SoWi;EU
die gegenseitige Anerkennung;相互承认;Die gegenseitige Anerkennung ersetzt viele Regeln.;SoWi;EU
die Harmonisierung;协调统一;Die Harmonisierung gleicht Standards an.;SoWi;EU
die Europaeische Kommission;欧盟委员会;Die Kommission hat das Initiativrecht.;SoWi;EU
das Europaeische Parlament;欧洲议会;Das Europaeische Parlament wird direkt gewaehlt.;SoWi;EU
der Rat der Europaeischen Union;欧盟理事会;Der Rat vertritt die Mitgliedstaaten.;SoWi;EU
die Verordnung;条例;Eine Verordnung gilt unmittelbar.;SoWi;EU
die Richtlinie;指令;Eine Richtlinie muss umgesetzt werden.;SoWi;EU
die europaeische Integration;欧洲一体化;Die europaeische Integration begann nach 1945.;SoWi;EU
die Montanunion;煤钢共同体;Die Montanunion war der erste Schritt.;SoWi;EU
die Roemischen Vertraege;罗马条约;Die Roemischen Vertraege gruendeten die EWG.;SoWi;EU
der Vertrag von Maastricht;马斯特里赫特条约;Der Vertrag von Maastricht gruendete die EU.;SoWi;EU
der Supranationalismus;超国家主义;Der Supranationalismus staerkt die EU-Organe.;SoWi;EU
die Vereinten Nationen;联合国;Die Vereinten Nationen wahren den Frieden.;SoWi;Frieden
das Gewaltverbot;禁止使用武力;Das Gewaltverbot steht in der UN-Charta.;SoWi;Frieden
der Sicherheitsrat;安理会;Der Sicherheitsrat kann Sanktionen verhaengen.;SoWi;Frieden
das Vetorecht;否决权;Das Vetorecht blockiert Reformen.;SoWi;Frieden
die Friedenssicherung;维持和平;Die Friedenssicherung setzt auf Blauhelme.;SoWi;Frieden
die Synthese;综合;Die Synthese verbindet zwei Inhaltsfelder.;SoWi;Synthese
die Verteilungsgerechtigkeit;分配正义;Die Verteilungsgerechtigkeit fragt nach dem Ergebnis.;SoWi;Synthese
die Lohnpolitik;工资政策;Die Lohnpolitik beeinflusst die Beschaeftigung.;SoWi;Synthese
der CO2-Preis;碳价;Der CO2-Preis macht Umweltkosten sichtbar.;SoWi;Synthese
der aktivierende Sozialstaat;激活性社会国家;Der aktivierende Sozialstaat foerdert statt nur zu helfen.;SoWi;Synthese
die Konjunktur;景气;Die Konjunktur schwankt um den Trend.;SoWi;Wirtschaft
der Konjunkturzyklus;景气周期;Der Konjunkturzyklus hat vier Phasen.;SoWi;Wirtschaft
der Aufschwung;复苏;Im Aufschwung steigt die Beschaeftigung.;SoWi;Wirtschaft
die Rezession;衰退;In der Rezession sinkt die Produktion.;SoWi;Wirtschaft
das Bruttoinlandsprodukt;国内生产总值;Das Bruttoinlandsprodukt misst die Produktion.;SoWi;Wirtschaft
das quantitative Wachstum;数量型增长;Das quantitative Wachstum misst nur die Menge.;SoWi;Nachhaltigkeit
das qualitative Wachstum;质量型增长;Das qualitative Wachstum bewertet Struktur und Kosten.;SoWi;Nachhaltigkeit
die nachhaltige Entwicklung;可持续发展;Die nachhaltige Entwicklung denkt an die Nachwelt.;SoWi;Nachhaltigkeit
das Drei-Saeulen-Modell;三支柱模型;Das Drei-Saeulen-Modell verbindet Oekologie, Oekonomie und Soziales.;SoWi;Nachhaltigkeit
die Internalisierung;外部成本内部化;Die Internalisierung rechnet Kosten ein.;SoWi;Nachhaltigkeit
der soziale Wandel;社会变迁;Der soziale Wandel veraendert Lebensformen.;SoWi;Wandel
der Strukturwandel;结构变迁;Der Strukturwandel verschiebt die Wirtschaft.;SoWi;Wandel
die Individualisierung;个体化;Die Individualisierung loest alte Bindungen.;SoWi;Wandel
der demografische Wandel;人口结构变迁;Der demografische Wandel altert die Gesellschaft.;SoWi;Wandel
die Prekarisierung;不稳定化;Die Prekarisierung schafft unsichere Jobs.;SoWi;Wandel
das Sozialstaatsgebot;社会国家原则;Das Sozialstaatsgebot steht im Grundgesetz.;SoWi;Sozialstaat
die Solidaritaet;团结原则;Die Solidaritaet verteilt Risiken gemeinsam.;SoWi;Sozialstaat
die Subsidiaritaet;辅助性原则;Die Subsidiaritaet staerkt die kleinere Einheit.;SoWi;Sozialstaat
die Eigenverantwortung;自我负责;Die Eigenverantwortung ergaenzt den Sozialstaat.;SoWi;Sozialstaat
die Sozialversicherung;社会保险;Die Sozialversicherung beruht auf Beitraegen.;SoWi;Sozialstaat
der Strukturfunktionalismus;结构功能主义;Der Strukturfunktionalismus sieht die Gesellschaft als System.;SoWi;Theorie
die Handlungstheorie;行动理论;Die Handlungstheorie geht vom Sinn des Handelns aus.;SoWi;Theorie
das soziale Handeln;社会行动;Das soziale Handeln ist auf andere gerichtet.;SoWi;Theorie
die Institution;制度;Die Institution stabilisiert Normen.;SoWi;Theorie
die Anomie;失范;Die Anomie bedeutet den Verlust der Normen.;SoWi;Theorie
die Klasse;阶级;Die Klasse beruht auf der Stellung zur Produktion.;SoWi;Ungleichheit
die Schicht;阶层;Die Schicht ordnet nach Einkommen und Bildung.;SoWi;Ungleichheit
die Produktionsverhaeltnisse;生产关系;Die Produktionsverhaeltnisse praegen die Klasse.;SoWi;Ungleichheit
die Ausbeutung;剥削;Die Ausbeutung entsteht aus dem Mehrwert.;SoWi;Ungleichheit
die Statuskonsistenz;地位一致性;Fehlende Statuskonsistenz zeigt Spannungen.;SoWi;Ungleichheit
die Gruppe;群体;Die Gruppe hat Ziele, Rollen und Normen.;SoWi;Gruppe
die Konformitaet;从众;Die Konformitaet passt die Meinung an.;SoWi;Gruppe
der Gehorsam;服从;Der Gehorsam folgt der Autoritaet.;SoWi;Gruppe
die Deindividuation;去个体化;Die Deindividuation schwaecht die Selbstkontrolle.;SoWi;Gruppe
die Verantwortungsdiffusion;责任分散;Die Verantwortungsdiffusion laehmt die Hilfe.;SoWi;Gruppe
die Fiskalpolitik;财政政策;Die Fiskalpolitik steuert ueber Steuern und Ausgaben.;SoWi;Wirtschaftspolitik
die Geldpolitik;货币政策;Die Geldpolitik steuert ueber den Zins.;SoWi;Wirtschaftspolitik
die Arbeitsmarktpolitik;劳动市场政策;Die Arbeitsmarktpolitik verbessert die Vermittlung.;SoWi;Wirtschaftspolitik
die automatischen Stabilisatoren;自动稳定器;Die automatischen Stabilisatoren wirken ohne Beschluss.;SoWi;Wirtschaftspolitik
der Mindestlohn;最低工资;Der Mindestlohn setzt eine Lohnuntergrenze.;SoWi;Wirtschaftspolitik
die Legitimation staatlichen Handelns;国家经济行为的正当性;Die Legitimation staatlichen Handelns braucht Gruende.;SoWi;Wirtschaftspolitik
das Staatsversagen;国家失灵;Das Staatsversagen rechtfertigt Zurueckhaltung.;SoWi;Wirtschaftspolitik
die Zielgroessen;目标量;Die Zielgroessen sind messbar.;SoWi;Wirtschaftspolitik
die Zielharmonie;目标和谐;Die Zielharmonie ist der seltene Fall.;SoWi;Wirtschaftspolitik
die Vollbeschaeftigung;充分就业;Die Vollbeschaeftigung ist eines der vier Ziele.;SoWi;Wirtschaftspolitik
die Nachfrageorientierung;需求导向;Die Nachfrageorientierung folgt Keynes.;SoWi;Wirtschaftspolitik
die Angebotsorientierung;供给导向;Die Angebotsorientierung staerkt die Angebotsbedingungen.;SoWi;Wirtschaftspolitik
die Ordnungspolitik;秩序政策;Die Ordnungspolitik setzt auf Regeln.;SoWi;Wirtschaftspolitik
der Multiplikatoreffekt;乘数效应;Der Multiplikatoreffekt verstaerkt die Wirkung.;SoWi;Wirtschaftspolitik
das Crowding-out;挤出效应;Das Crowding-out verdraengt private Investitionen.;SoWi;Wirtschaftspolitik
der Gleichgewichtspreis;均衡价格;Der Gleichgewichtspreis gleicht Angebotsmenge und Nachfragemenge aus.;SoWi;Preismechanismus
der Nachfrageueberhang;需求过剩 / 供不应求;Ein Hoechstpreis unter dem Gleichgewicht erzeugt einen Nachfrageueberhang.;SoWi;Preismechanismus
der Angebotsueberhang;供给过剩 / 供大于求;Ein Mindestpreis ueber dem Gleichgewicht erzeugt einen Angebotsueberhang.;SoWi;Preismechanismus
die Preiselastizitaet;价格弹性;Eine geringe Preiselastizitaet bedeutet, dass die Nachfrage kaum auf den Preis reagiert.;SoWi;Preismechanismus
der Hoechstpreis;最高限价;Ein Hoechstpreis wird unter dem Gleichgewichtspreis festgesetzt.;SoWi;Preismechanismus
der Mindestpreis;最低限价;Ein Mindestpreis wird oberhalb des Gleichgewichtspreises festgesetzt.;SoWi;Preismechanismus
das Polypol;完全竞争市场;Im Polypol konkurrieren viele kleine Anbieter miteinander.;SoWi;Preismechanismus
das Oligopol;寡头垄断市场;Im Oligopol bestimmen wenige grosse Anbieter den Preis.;SoWi;Preismechanismus
das Monopol;垄断市场;Im Monopol gibt es nur einen Anbieter ohne Wettbewerb.;SoWi;Preismechanismus
die Allokationsfunktion;资源配置功能;Die Allokationsfunktion lenkt die Produktionsfaktoren dorthin, wo der groesste Ertrag entsteht.;SoWi;Preismechanismus
die Signalfunktion;信号功能;Die Signalfunktion zeigt ueber den Preis die Knappheit eines Gutes an.;SoWi;Preismechanismus
die Raeumungsfunktion;市场出清功能;Die Raeumungsfunktion sorgt im Gleichgewicht fuer einen Markt ohne Ueberschuss.;SoWi;Preismechanismus
die Selektionsfunktion;筛选功能;Die Selektionsfunktion sortiert unwirtschaftliche Anbieter aus dem Markt aus.;SoWi;Preismechanismus
die Mietpreisbremse;租金管制;Die Mietpreisbremse wirkt als Hoechstpreis unter dem Gleichgewicht.;SoWi;Preismechanismus
der Schattenmarkt;黑市;Bei einem Hoechstpreis entsteht haeufig ein Schattenmarkt neben dem offiziellen Markt.;SoWi;Preismechanismus
die Angebotskurve;供给曲线;Die Angebotskurve verlaeuft mit steigendem Preis nach oben.;SoWi;Preismechanismus
die Nachfragekurve;需求曲线;Die Nachfragekurve verlaeuft mit steigendem Preis nach unten.;SoWi;Preismechanismus
die Fehlallokation;资源配置失误;Ein staatlich fixierter Preis fuehrt zu einer Fehlallokation der Gueter.;SoWi;Preismechanismus
Identitätsentwicklung;身份发展;Die Identitaetsentwicklung eines Menschen dauert ein Leben lang.;SoWi;Identitaet
Bedarf;有购买力的需求;Erst wenn zu einem Wunsch genug Geld kommt, wird daraus ein Bedarf.;SoWi;Konsum
konventionell / unkonventionell;常规 / 非常规参与;Waehlen gilt als konventionelle Partizipation, eine Demo dagegen als unkonventionelle.;SoWi;Partizipation
Volksbegehren / Volksentscheid;公民动议 / 公民公决;Beim Volksbegehren sammelt man Unterschriften, beim Volksentscheid stimmt dann das ganze Volk ab.;SoWi;Partizipation
primäre / sekundäre Sozialisation;初级 / 次级社会化;In der primaeren Sozialisation praegt die Familie das Kind, in der sekundaeren uebernehmen Schule und Freunde diese Rolle.;SoWi;Rolle
Extremismus;极端主义;Extremismus will die freiheitliche demokratische Grundordnung selbst beseitigen.;SoWi;Demokratie
Inhaltsfeld;内容领域;Das Inhaltsfeld IF4 behandelt die Wirtschaftspolitik.;SoWi;Abitur
Schichten / Lagen / Milieus;阶层 / 位置 / 生活圈;Die Modelle Schichten, Lagen und Milieus erklaeren soziale Ungleichheit auf unterschiedliche Weise.;SoWi;Abitur
drei Lesungen;三读;Ein Gesetz durchlaeuft im Bundestag drei Lesungen, bevor es verabschiedet wird.;SoWi;Gesetzgebung
Gestaltungsaufgabe;设计型任务;In einer Gestaltungsaufgabe verfasst du einen Text aus der Sicht einer bestimmten Rolle.;SoWi;Gestaltung
Wirkungskette;效果链;Eine Wirkungskette zeigt Schritt fuer Schritt, wer von einer Massnahme profitiert und welche Kosten entstehen.;SoWi;Gestaltung
Adressatenkompetenz;收件人职权;Adressatenkompetenz heisst, dass eine Empfehlung nur an die Stelle gerichtet wird, die sie umsetzen kann.;SoWi;Gestaltung
Lorenzkurve;洛伦兹曲线;Die Lorenzkurve zeigt, wie ungleich das Einkommen in einer Gesellschaft verteilt ist.;SoWi;Ungleichheit
Quintilsanteil;分位份额;Der Quintilsanteil gibt an, wie viel Prozent des Einkommens auf ein Fuenftel der Bevoelkerung entfaellt.;SoWi;Ungleichheit
kumulierter Anteil;累积份额;Der kumulierte Anteil summiert die einzelnen Einkommensanteile Schritt fuer Schritt auf.;SoWi;Ungleichheit
Gender Pay Gap;性别薪酬差距;Der Gender Pay Gap beschreibt den Unterschied zwischen dem durchschnittlichen Stundenlohn von Frauen und Maennern.;SoWi;Ungleichheit
Soziale Marktwirtschaft;社会市场经济;Die Soziale Marktwirtschaft verbindet freien Wettbewerb mit sozialem Ausgleich.;SoWi;Marktwirtschaft
Wettbewerb / Preismechanismus;竞争 / 价格机制;Im Wettbewerb lenkt der Preismechanismus Angebot und Nachfrage.;SoWi;Marktwirtschaft
sozialer Ausgleich;社会平衡;Sozialer Ausgleich federt die Haerten des freien Marktes ab.;SoWi;Marktwirtschaft
Ordnungsrahmen;秩序框架;Im Ordoliberalismus legt der Staat nur den Ordnungsrahmen fest und ueberlaesst das Handeln den Marktteilnehmern.;SoWi;Marktwirtschaft
das Wertpapierdepot;证券账户／托管账户;Das Wertpapierdepot verwahrt Aktien und Fondsanteile getrennt vom Bankvermoegen.;SoWi;Finanzen
das Sondervermoegen;特别资产（破产隔离）;Fondsanteile gelten als Sondervermoegen und sind bei Bankinsolvenz voll geschuetzt.;SoWi;Finanzen
der Freistellungsauftrag;免税额委托申请;Mit dem Freistellungsauftrag bleiben Kapitalertraege bis 1000 Euro steuerfrei.;SoWi;Finanzen
die Slippage;滑点偏差;Bei einer unlimitierten Bestens-Order droht in volatilen Maerkten erhebliche Slippage.;SoWi;Finanzen

