die Lichtreaktion;光反应;In der Lichtreaktion der Fotosynthese werden an der Thylakoidmembran ATP und NADPH+H+ gebildet.;Bio;Stoffwechsel
der Calvin-Zyklus;卡尔文循环/暗反应;Im stromaassoziierten Calvin-Zyklus wird CO2 mithilfe von RuBisCO zu Glukose fixiert.;Bio;Stoffwechsel
die Photolyse des Wassers;水的光解;Die Photolyse am Sauerstoff-Entwicklungs-Komplex spaltet H2O in Elektronen, Protonen und molekularen Sauerstoff.;Bio;Stoffwechsel
der Protonengradient;质子浓度梯度;Die chemiosmotische ATP-Synthese an der Thylakoidmembran wird durch den aufgebauten Protonengradienten angetrieben.;Bio;Stoffwechsel
das Operon-Modell;操纵子模型;Das Operon-Modell nach Jacob und Monod beschreibt die prokaryotische Genregulation als Funktionseinheit aus Promotor Operator und Strukturgenen.;Bio;Genetik
das Regulatorgen;调节基因;Das Regulatorgen kodiert fuer ein Repressor-Protein welches reversibel an den Operator binden kann.;Bio;Genetik
die Substrat-Induktion;底物诱导;Bei der Substrat-Induktion des Lac-Operons schaltet das Substrat Laktose die Transkription abbauender Enzyme an.;Bio;Genetik
die Endprodukt-Repression;终产物阻遏;Bei der Endprodukt-Repression fuehrt ein Ueberangebot des Endprodukts zur Blockade der biosynthetischen Transkription.;Bio;Genetik
die praesynaptische Membran;突触前膜;An der praesynaptischen Membran verschmelzen synaptische Vesikel nach Calciumeinstrom exozytisch mit der Membran.;Bio;Neurobiologie
das Acetylcholin;乙酰胆碱;Acetylcholin fungiert als erregender Neurotransmitter an der neuromuskulaeren Synapse von Wirbeltieren.;Bio;Neurobiologie
die Acetylcholinesterase;乙酰胆碱酯酶;Die Acetylcholinesterase spaltet Acetylcholin im Spalt in Bruchteilen einer Sekunde in Acetat und Cholin.;Bio;Neurobiologie
das postsynaptische Potenzial;突触后电位;Das postsynaptische Potenzial entsteht durch Einstrom von Natriumionen EPSP oder Chloridionen IPSP.;Bio;Neurobiologie
die Trophieebene;营养级;Eine Trophieebene ordnet Lebewesen in der Nahrungskette gemaess ihrer Ernaehrungsweise ein.;Bio;Oekologie
die Zehn-Prozent-Regel;能量流动百分之十定律;Nach der Zehn-Prozent-Regel werden nur rund zehn Prozent der Energie in die naechste Trophieebene ueberfuehrt.;Bio;Oekologie
die Biomassepyramide;生物量金字塔;Die Biomassepyramide veranschaulicht die stufenweise Abnahme der lebenden organischen Masse nach oben.;Bio;Oekologie
der Energiefluss im Oekosystem;生态系统的单向能量流动;Der Energiefluss im Oekosystem ist eine Einbahnstrasse bei der eingestrahlte Sonnenenergie als Waerme dissipiert.;Bio;Oekologie
die Epigenetik;表观遗传学;Die Epigenetik erforscht vererbbare Aenderungen der Genfunktion ohne Veraenderung der DNA-Basensequenz.;Bio;Genetik
die DNA-Methylierung;DNA甲基化;Die DNA-Methylierung an CpG-Inseln blockiert Transkriptionsfaktoren und fuehrt zu dauerhaftem Gen-Silencing.;Bio;Genetik
die Histonacetylierung;组蛋白乙酰化;Histonacetylierung lockert die Chromatinstruktur auf und ermoeglicht den Zugang fuer die RNA-Polymerase.;Bio;Genetik
das Euchromatin;常染色质;Euchromatin bezeichnet locker verpacktes und transkriptionsaktives Chromatin im Zellkern.;Bio;Genetik
die klonale Selektion;克隆选择学说;Die klonale Selektion erklaert die Aktivierung und mitotische Massenvermehrung passgenauer antigenspezifischer B-Lymphozyten.;Bio;Immunbiologie
das Epitop;抗原表位;Das Epitop ist die spezifische molekulare Oberflaechenstruktur eines Antigens an die das Paratop des Antikoerpers komplementaer bindet.;Bio;Immunbiologie
die Plasmazelle;效应浆细胞;Eine Plasmazelle ist ein hochdifferenzierter B-Lymphozyt der Tausende spezifischer Antikoerpermolekuele pro Sekunde ins Blut abgibt.;Bio;Immunbiologie
die variable Region;可变区;Die variable Region der leichten und schweren Antikoerperketten bildet das hochspezifische Paratop fuer die Antigenbindung.;Bio;Immunbiologie
die Nitrifikation;硝化作用;Die Nitrifikation oxidiert Ammonium ueber Zwischenstufen aerob zu Nitrit und anschliessend durch Nitrobacter zu pflanzenverfuegbarem Nitrat.;Bio;Oekologie
die Denitrifikation;反硝化作用;Die Denitrifikation reduziert unter anaeroben Bedingungen Nitrat schrittweise zu fluechtigem gasfoermigem molekularem Stickstoff.;Bio;Oekologie
die Eutrophierung;水体富营养化;Die Eutrophierung beschreibt eine uebermaessige Naehrstoffanreicherung eines Gewaessers die ueber Algenblueten zum Sauerstoffkollaps fuehrt.;Bio;Oekologie
die Phosphatfalle;磷酸盐沉积陷阱;Die Phosphatfalle bindet unter aeroben Bedingungen Phosphat fest an dreiwertiges Eisen und bricht bei Sauerstoffmangel durch Reduktion zusammen.;Bio;Oekologie
