der Photoeffekt;光电效应;Beim aeusseren Photoeffekt loesen Photonen Elektronen aus einer Metalloberflaeche heraus.;Physik;Quantenphysik
die Austrittsarbeit;逸出功;Die Austrittsarbeit W_A ist die Mindestenergie, um ein gebundenes Elektron aus dem Metallgitter zu befreien.;Physik;Quantenphysik
die Grenzfrequenz;截止频率/极限频率;Unterhalb der Grenzfrequenz nu_grenz werden selbst bei extrem hoher Lichtintensitaet keine Elektronen emittiert.;Physik;Quantenphysik
das Wirkungsquantum;普朗克常数/作用量子;Ein Photon besitzt die diskrete Energie E = h * f, wobei h das Plancksche Wirkungsquantum darstellt.;Physik;Quantenphysik
das Induktionsgesetz;法拉第电磁感应定律;Das Faradaysche Induktionsgesetz besagt dass jede zeitliche Aenderung des magnetischen Flusses eine Spannung erzeugt.;Physik;Elektromagnetismus
die Lenzsche Regel;楞次定律;Die Lenzsche Regel besagt dass der induzierte Strom stets der Ursache seiner Entstehung entgegenwirkt.;Physik;Elektromagnetismus
der Wirbelstrom;涡流/涡电流;Wirbelstroeme entstehen in massiven Leitern bei veraenderlichem Magnetfeld und fuehren zur elektromagnetischen Daempfung.;Physik;Elektromagnetismus
der magnetische Fluss;磁通量;Der magnetische Fluss Phi ist das Flaechenintegral der magnetischen Flussdichte B ueber die Flaeche A.;Physik;Elektromagnetismus
der Massendefekt;质量亏损;Der Massendefekt beschreibt die Massendifferenz zwischen isolierten Nukleonen und dem gebundenen Atomkern.;Physik;Kernphysik
die Bindungsenergie;原子核结合能;Die Bindungsenergie wird nach Einsteins Gleichung frei wenn sich Nukleonen zu einem Atomkern vereinigen.;Physik;Kernphysik
die Bindungsenergie pro Nukleon;核子平均结合能;Eisen-56 besitzt die hoechste Bindungsenergie pro Nukleon und bildet das Maximum nuklearer Stabilitaet.;Physik;Kernphysik
die Kernspaltung;核裂变;Bei der thermischen Kernspaltung von Uran-235 entstehen mittelschwere Kerne Sekundaerneutronen und Energie.;Physik;Kernphysik
der Doppelspalt;双缝干涉装置;Am Doppelspalt beugt sich Licht in zwei kohaerente Elementarwellen die auf dem Schirm interferieren.;Physik;Wellenoptik
der Gangunterschied am Spalt;光程差;Ein Gangunterschied von ganzzahligen Vielfachen der Wellenlaenge erzeugt konstruktive Interferenz.;Physik;Wellenoptik
die Interferenzstreifen;干涉条纹;Die hellen und dunklen Interferenzstreifen beweisen die physikalische Wellennatur des Lichts.;Physik;Wellenoptik
das Beugungsgitter;衍射光栅;Ein Beugungsgitter mit hunderten Spalten pro Millimeter erzeugt extrem scharfe und farbreine Spektrallinien.;Physik;Wellenoptik
die De-Broglie-Wellenlaenge;德布罗意物质波波长;Jedem Teilchen mit Impuls p ist eine De-Broglie-Wellenlaenge lambda gleich h geteilt durch p zugeordnet.;Physik;Quantenphysik
die Materiewelle;物质波;Materiewellen zeigen bei der Beugung von Elektronen an Kristallgittern typische Interferenzringe.;Physik;Quantenphysik
die Bragg-Bedingung;布拉格反射条件;Die Bragg-Bedingung zwei mal d mal Sinus theta gleich n mal lambda beschreibt konstruktive Kristallreflexion.;Physik;Quantenphysik
die Wahrscheinlichkeitswelle;概率波诠释;Nach Max Born beschreibt das Quadrat der Materiewelle die Aufenthaltswahrscheinlichkeit des Teilchens.;Physik;Quantenphysik
die Zeitdilatation;时间膨胀;Die Zeitdilatation bewirkt dass eine bewegte Uhr fuer einen ruhenden Beobachter langsamer vergeht als die Eigenzeit.;Physik;Relativitaet
die Laengenkontraktion;长度收缩;Die Laengenkontraktion beschreibt die Verkuerzung eines schnell bewegten Koerpers in Bewegungsrichtung im Vergleich zur Ruhelaenge.;Physik;Relativitaet
der Lorentzfaktor;洛伦兹因子;Der Lorentzfaktor gamma waechst bei Annaeherung an die Lichtgeschwindigkeit ueber alle Grenzen und bestimmt die relativistische Dynamik.;Physik;Relativitaet
das Relativitaetsprinzip;相对性原理;Das spezielle Relativitaetsprinzip besagt dass die Naturgesetze in allen Inertialsystemen dieselbe mathematische Form besitzen.;Physik;Relativitaet
der aeussere Photoeffekt;外光电效应;Der aeussere Photoeffekt bezeichnet das sofortige Herausschlagen von Leitungselektronen aus Metalloberflaechen durch energiereiche Photonen.;Physik;Quantenphysik
die Gegenfeldmethode;反向电压法;Die Gegenfeldmethode bremst ausgeloeste Photoelektronen durch eine variable Gegenspannung bis zum Verschwinden des Photostroms ab.;Physik;Quantenphysik
das Lichtquant;光量子/光子;Ein Lichtquant oder Photon traegt die unteilbare diskrete Energie h mal f und verhaelt sich beim Photoeffekt wie ein Stosspartner.;Physik;Quantenphysik
die Einsteinsche Gerade;爱因斯坦光电直线;Die Einsteinsche Gerade beschreibt den linearen Zusammenhang zwischen Bremsspannung und Frequenz mit der konstanten Steigung h durch e.;Physik;Quantenphysik
