the anaphora;首语重复/首字排比;The deliberate repetition of words at the beginning of successive sentences creates rhythmic resonance.;Englisch;Rhetoric
the extended metaphor;拓展隐喻/系统隐喻;An extended metaphor unfolds across multiple paragraphs to establish a coherent symbolic framework.;Englisch;Rhetoric
ethos and pathos;信誉与情感说服支柱;Aristotle identified ethos for credibility and pathos for emotional appeal as pillars of rhetoric.;Englisch;Rhetoric
the biblical allusion;圣经互文/典故指涉;By embedding biblical allusions the speaker elevates the civil rights struggle to a moral renewal.;Englisch;Rhetoric
the tragic flaw;悲剧性缺陷/致命弱点;Hamlets fatal character flaw of excessive procrastination leads inevitably to the tragedy.;Englisch;Drama
the soliloquy;戏剧独白;A soliloquy allows a character alone on stage to speak their innermost thoughts directly to the audience.;Englisch;Drama
the blank verse;无韵抑扬格五音步;Shakespeare wrote most of his plays in blank verse consisting of unrhymed iambic pentameter.;Englisch;Drama
the dramatic irony;戏剧反讽;Dramatic irony occurs when the audience knows a crucial truth that remains hidden from characters on stage.;Englisch;Drama
the cultural collision;文化碰撞/文明冲突;Cultural collision describes the traumatic shock when divergent civilizations clash during imperial conquest.;Englisch;Postcolonialism
the Eurocentrism;欧洲中心主义;Eurocentrism interprets non-European cultures exclusively through the biased lens of Western values.;Englisch;Postcolonialism
the othering;他者化修辞;Othering is the ideological process of portraying colonized peoples as inferior or exotic savages.;Englisch;Postcolonialism
the hybridity;文化杂糅性/双重认同;Postcolonial hybridity emerges when writers transform the colonial language into an authentic indigenous medium.;Englisch;Postcolonialism
the corrupted American Dream;蜕变的美国梦/消费主义神话;The corrupted American Dream equates personal happiness and human worth exclusively with material wealth.;Englisch;Drama
Willy Loman;威利·洛曼/悲剧小人物原型;Willy Loman is the tragic protagonist in Arthur Millers play who is destroyed by his own illusions of popularity.;Englisch;Drama
the mobile concurrency;表现主义舞台时空交织法;Mobile concurrency allows past memories hallucinations and present realities to blend fluidly on stage.;Englisch;Drama
the Requiem in drama;落幕挽歌幕;The Requiem at Willy Lomans grave exposes the conflicting attitudes of his sons towards his legacy.;Englisch;Drama
the insidious dystopia;隐性反乌托邦;An insidious dystopia exerts systemic social control through emotional conditioning and institutional normalisation rather than brute physical force.;Englisch;Dystopia
the organ donation;器官捐献(反乌托邦委婉语);The organ donation in Never Let Me Go is a bureaucratic euphemism concealing the state-sanctioned surgical mutilation of clones.;Englisch;Dystopia
the completion;终结/死亡(黑尔舍姆委婉语);The completion serves as a sanitised euphemism for the fatal biological collapse of clones after repeated organ harvesting.;Englisch;Dystopia
the social conditioning;社会驯化与心理调控;The social conditioning at Hailsham conditions the clone children to passively accept their inevitable fate without rebellion.;Englisch;Dystopia
