der Naturzustand;自然状态;Der Naturzustand ist ein hypothetisches Gedankenexperiment zur Beschreibung des Zusammenlebens vor staatlicher Herrschaft.;Philosophie;Staatsphilosophie
das bellum omnium contra omnes;万人对万人的战争;Bei Hobbes fuehrt das Fehlen einer Ordnungsmacht zum permanenten Krieg aller gegen alle.;Philosophie;Staatsphilosophie
die angeborenen Naturrechte;天赋自然权利;Nach John Locke besitzt jeder Mensch unveraeusserliche Naturrechte auf Leben Freiheit und Eigentum.;Philosophie;Staatsphilosophie
der Gesellschaftsvertrag;社会契约;Der Gesellschaftsvertrag ist ein rationaler Rechtsakt zur friedlichen Begruendung staatlicher Herrschaft.;Philosophie;Staatsphilosophie
der Determinismus;决定论;Der Determinismus besagt dass alle kuenftigen Ereignisse durch vorangegangene Ursachen eindeutig festgelegt sind.;Philosophie;Anthropologie
das Bereitschaftspotenzial;准备电位;Das Bereitschaftspotenzial im Gehirn tritt messbar vor dem bewussten Entschluss zu einer Willkuerbewegung auf.;Philosophie;Anthropologie
die Handlungsfreiheit;行动自由;Handlungsfreiheit bezeichnet die Moeglichkeit ohne aeussere Zwaenge das zu tun was man will.;Philosophie;Anthropologie
der Kompatibilismus;兼容论/软决定论;Der Kompatibilismus behauptet die Vereinbarkeit von kausalem Determinismus und moralischer Verantwortung.;Philosophie;Anthropologie
das Sprachspiel;语言游戏;Ein Sprachspiel nach Wittgenstein verknuepft das Sprechen einer Sprache mit praktischem Handeln.;Philosophie;Sprachphilosophie
die Bedeutung als Gebrauch;意义即用法;Nach Wittgenstein ist die Bedeutung eines Wortes sein konkreter Gebrauch innerhalb eines Sprachspiels.;Philosophie;Sprachphilosophie
die Familienaehnlichkeit;家族相似性;Begriffe wie Spiel besitzen kein starres Wesensmerkmal sondern ein Netz sich kreuzender Familienaehnlichkeiten.;Philosophie;Sprachphilosophie
die Lebensform;生活形式;Die gemeinsame menschliche Lebensform bildet das unhinterfragte Fundament aller Sprachspiele.;Philosophie;Sprachphilosophie
die Banalitaet des Boesen;恶的平庸性;Nach Hannah Arendt koennen monstroese Verbrechen aus voelliger Gedankenlosigkeit und Konformismus entstehen.;Philosophie;Politische Philosophie
die Vita activa;积极生活的三重境界;Hannah Arendts Vita activa gliedert die menschliche Taetigkeit in Arbeiten Herstellen und politisches Handeln.;Philosophie;Politische Philosophie
die Pluralitaet des Menschen;人类的复多性;Pluralitaet bedeutet dass viele einzigartige Menschen im gemeinsamen oeffentlichen Raum politisch handeln.;Philosophie;Politische Philosophie
die Urteilskraft in der Politik;政治判断力;Urteilskraft bezeichnet das Vermoegen ohne starre Regeln das Besondere im Lichte des Allgemeinen zu beurteilen.;Philosophie;Politische Philosophie
die kopernikanische Wende;哥白尼式转向(康德);Die kopernikanische Wende Kants besagt dass sich die Gegenstaende nach unserem Erkenntnisapparat richten muessen und nicht umgekehrt.;Philosophie;Erkenntnistheorie
das synthetische Urteil a priori;先天综合判断;Ein synthetisches Urteil a priori ist erfahrungsunabhaengig allgemeingueltig und erweitert dennoch unseren realen Erkenntnisgehalt.;Philosophie;Erkenntnistheorie
das Ding an sich;物自体;Das Ding an sich bezeichnet bei Kant die unerkennbare Realitaet wie sie unabhaengig von menschlichen Anschauungsformen existiert.;Philosophie;Erkenntnistheorie
die Verstandeskategorie;纯粹知性范畴;Eine Verstandeskategorie ist ein reiner Stammbegriff des Verstandes wie Kausalitaet der sinnliche Anschauungen zu Erkenntnis formt.;Philosophie;Erkenntnistheorie
der qualitative Hedonismus;质性快乐主义;Der qualitative Hedonismus nach Mill gewichtet geistige Freuden hoeher als rein sinnliche Lustbefriedigung.;Philosophie;Ethik
die kompetenten Richter;胜任的裁判官;Kompetente Richter entscheiden qua empirischer Doppel-Erfahrung objektiv ueber den Rang moralischer Freuden.;Philosophie;Ethik
